id,name,category,iron_mg_per_100g,zinc_mg_per_100g,nutrient_source,is_allergen,allergen_type,min_month,texture_stage,season_months,prep_note,source,avg_price,edible_ratio,auto_recommend
1,粳米（标一）,谷物根茎薯类,1.1,1.45,plant,0,,6,1,1-12,淘洗后煮成软烂稠粥或米糊，初期可压成细腻泥糊。,https://nlc.chinanutri.cn/fq/foodinfo/281.html；WS/T 678—2020《婴幼儿辅食添加营养指南》；中国食物成分表在线数据库（nlc.chinanutri.cn）,,,1
2,小米,谷物根茎薯类,5.1,1.87,plant,0,,6,1,1-12,充分熬煮至软烂，初期取稠粥部分并压成细糊。,https://nlc.chinanutri.cn/fq/foodinfo/301.html；WS/T 678—2020《婴幼儿辅食添加营养指南》；中国食物成分表在线数据库（nlc.chinanutri.cn）,,,1
3,燕麦片,谷物根茎薯类,7,2.59,plant,1,含麸质谷物,6,1,1-12,加水充分煮软成糊；作为含麸质谷物按项目过敏原类别管理。,https://nlc.chinanutri.cn/fq/foodinfo/1274.html；WS/T 678—2020《婴幼儿辅食添加营养指南》；中国食物成分表在线数据库（nlc.chinanutri.cn）,,,1
4,鲜玉米,谷物根茎薯类,1.1,0.9,plant,0,,7,2,"6,7,8,9",煮熟后打碎并视需要过滤粗皮，不可整粒直接喂食。,https://nlc.chinanutri.cn/fq/foodinfo/292.html；WS/T 678—2020《婴幼儿辅食添加营养指南》；中国食物成分表在线数据库（nlc.chinanutri.cn）,,,1
5,面条（均值）,谷物根茎薯类,3.6,1.43,plant,1,含麸质谷物,7,2,1-12,煮至十分软烂后剪成细碎末，不加盐和重口味调味料。,https://nlc.chinanutri.cn/fq/foodinfo/264.html；WS/T 678—2020《婴幼儿辅食添加营养指南》；中国食物成分表在线数据库（nlc.chinanutri.cn）,,,1
6,甘薯（红心）,维生素A丰富蔬果,0.5,0.15,plant,0,,6,1,"9,10,11,12,1,2",蒸熟去皮后压成细泥；按项目规则归入维生素A丰富蔬果。,https://nlc.chinanutri.cn/fq/foodinfo/316.html；WS/T 678—2020《婴幼儿辅食添加营养指南》；中国食物成分表在线数据库（nlc.chinanutri.cn）,,,1
7,猪肉（瘦）,肉类,3,2.99,animal,0,,6,1,1-12,去筋膜后彻底煮熟，初期打成细腻肉泥。,https://nlc.chinanutri.cn/fq/foodinfo/788.html；WS/T 678—2020《婴幼儿辅食添加营养指南》；中国食物成分表在线数据库（nlc.chinanutri.cn）,,,1
8,牛肉（瘦）,肉类,2.8,3.71,animal,0,,6,1,1-12,去筋膜后彻底煮熟，顺纹理处理后打成细肉泥。,https://nlc.chinanutri.cn/fq/foodinfo/830.html；WS/T 678—2020《婴幼儿辅食添加营养指南》；中国食物成分表在线数据库（nlc.chinanutri.cn）,,,1
9,牛肉（前腱/牛腱）,肉类,0.3,5.07,animal,0,,7,2,1-12,彻底炖软后去筋膜并剁成细末，避免韧块。,《中国食物成分表 标准版（第6版）》食物编码082119［牛肉（小腿肉）［牛展、牛腱子］］；铁锌按所列原料每100g可食部计；原1–40版nlc数值铁3.2、锌7.61，已按修订说明统一为第6版；WS/T 678—2020《婴幼儿辅食添加营养指南》,,,1
10,羊肉（瘦）,肉类,3.9,6.06,animal,0,,7,2,1-12,去筋膜后彻底煮熟、炖软，再剁成细末。,https://nlc.chinanutri.cn/fq/foodinfo/850.html；WS/T 678—2020《婴幼儿辅食添加营养指南》；中国食物成分表在线数据库（nlc.chinanutri.cn）,,,1
11,鸡肉（均值）,肉类,1.4,1.09,animal,0,,6,1,1-12,去骨去皮后彻底煮熟，初期打成细腻肉泥。,https://nlc.chinanutri.cn/fq/foodinfo/876.html；WS/T 678—2020《婴幼儿辅食添加营养指南》；中国食物成分表在线数据库（nlc.chinanutri.cn）,,,1
12,猪肝,肉类,23.2,3.68,animal,0,,6,1,1-12,彻底煮熟后压成细泥；作为动物肝脏应控制单次量和频次，具体由营养师复核。,《中国食物成分表 标准版（第6版）》食物编码081214［猪肝］；铁锌按所列原料每100g可食部计；原1–40版nlc数值铁22.6、锌5.78，已按修订说明统一为第6版；WS/T 678—2020《婴幼儿辅食添加营养指南》,,,1
13,鲫鱼,肉类,1.3,1.94,animal,1,鱼类,7,2,1-12,彻底熟制并反复检查去净鱼刺后压碎成细末。,https://nlc.chinanutri.cn/fq/foodinfo/1021.html；WS/T 678—2020《婴幼儿辅食添加营养指南》；中国食物成分表在线数据库（nlc.chinanutri.cn）,,,1
14,鲈鱼,肉类,2,2.83,animal,1,鱼类,7,2,1-12,蒸熟后仔细去皮去刺，再压成细碎鱼肉。,https://nlc.chinanutri.cn/fq/foodinfo/1050.html；WS/T 678—2020《婴幼儿辅食添加营养指南》；中国食物成分表在线数据库（nlc.chinanutri.cn）,,,1
15,基围虾,肉类,2,1.18,animal,1,甲壳纲类动物,7,2,1-12,去壳去虾线后彻底熟制，剁成细末；首次引入注意观察。,https://nlc.chinanutri.cn/fq/foodinfo/1093.html；WS/T 678—2020《婴幼儿辅食添加营养指南》；中国食物成分表在线数据库（nlc.chinanutri.cn）,,,1
16,鸡蛋（白皮）,蛋类,2,1,animal,1,蛋类,6,1,1-12,全蛋彻底熟制后压成细泥，从少量开始单独引入。,https://nlc.chinanutri.cn/fq/foodinfo/979.html；WS/T 678—2020《婴幼儿辅食添加营养指南》；中国食物成分表在线数据库（nlc.chinanutri.cn）,,,1
17,鸭蛋,蛋类,2.9,1.67,animal,1,蛋类,7,2,1-12,彻底煮熟后压碎或切成细末，从少量开始并观察反应。,https://nlc.chinanutri.cn/fq/foodinfo/990.html；WS/T 678—2020《婴幼儿辅食添加营养指南》；中国食物成分表在线数据库（nlc.chinanutri.cn）,,,1
18,北豆腐,豆类坚果,2.5,0.63,plant,1,大豆,6,1,1-12,充分加热后压成细泥；按大豆类过敏原管理。,https://nlc.chinanutri.cn/fq/foodinfo/334.html；WS/T 678—2020《婴幼儿辅食添加营养指南》；中国食物成分表在线数据库（nlc.chinanutri.cn）,,,1
19,内酯豆腐,豆类坚果,0.8,0.55,plant,1,大豆,6,1,1-12,充分加热后压碎成细腻软泥；按大豆类过敏原管理。,https://nlc.chinanutri.cn/fq/foodinfo/336.html；WS/T 678—2020《婴幼儿辅食添加营养指南》；中国食物成分表在线数据库（nlc.chinanutri.cn）,,,1
20,黄豆,豆类坚果,8.2,3.34,plant,1,大豆,7,2,1-12,充分浸泡并彻底煮透后打成细泥，不可整粒喂食。,https://nlc.chinanutri.cn/fq/foodinfo/326.html；WS/T 678—2020《婴幼儿辅食添加营养指南》；中国食物成分表在线数据库（nlc.chinanutri.cn）,,,1
21,绿豆,豆类坚果,6.5,2.18,plant,0,,7,2,1-12,充分煮烂后压泥，必要时去除粗皮，避免整粒。,https://nlc.chinanutri.cn/fq/foodinfo/350.html；WS/T 678—2020《婴幼儿辅食添加营养指南》；中国食物成分表在线数据库（nlc.chinanutri.cn）,,,1
22,赤小豆,豆类坚果,7.4,2.2,plant,0,,7,2,1-12,充分浸泡、煮烂后压成细泥，避免整粒喂食。,https://nlc.chinanutri.cn/fq/foodinfo/351.html；WS/T 678—2020《婴幼儿辅食添加营养指南》；中国食物成分表在线数据库（nlc.chinanutri.cn）,,,1
23,花生仁（生）,豆类坚果,2.1,2.5,plant,1,花生,6,1,1-12,不得整粒喂食；熟制后磨成细腻花生糊并充分稀释，从少量单独引入。,https://nlc.chinanutri.cn/fq/foodinfo/763.html；WS/T 678—2020《婴幼儿辅食添加营养指南》；中国食物成分表在线数据库（nlc.chinanutri.cn）,,,1
24,胡萝卜（红）,维生素A丰富蔬果,1,0.23,plant,0,,6,1,"10,11,12,1,2,3,4",去皮蒸熟或煮熟后压成细泥。,https://nlc.chinanutri.cn/fq/foodinfo/380.html；WS/T 678—2020《婴幼儿辅食添加营养指南》；中国食物成分表在线数据库（nlc.chinanutri.cn）,,,1
25,南瓜,维生素A丰富蔬果,0.4,0.14,plant,0,,6,1,"7,8,9,10,11",去皮去籽蒸熟后压成细泥。,https://nlc.chinanutri.cn/fq/foodinfo/426.html；WS/T 678—2020《婴幼儿辅食添加营养指南》；中国食物成分表在线数据库（nlc.chinanutri.cn）,,,1
26,西兰花,维生素A丰富蔬果,1,0.78,plant,0,,6,1,"11,12,1,2,3,4",取花球充分熟制后压成细泥，较粗纤维部分视月龄处理。,https://nlc.chinanutri.cn/fq/foodinfo/465.html；WS/T 678—2020《婴幼儿辅食添加营养指南》；中国食物成分表在线数据库（nlc.chinanutri.cn）,,,1
27,油菜,维生素A丰富蔬果,1.2,0.33,plant,0,,7,2,1-12,洗净熟制后切成细碎末；按深色蔬菜纳入项目维生素A丰富蔬果类。,https://nlc.chinanutri.cn/fq/foodinfo/457.html；WS/T 678—2020《婴幼儿辅食添加营养指南》；中国食物成分表在线数据库（nlc.chinanutri.cn）,,,1
28,菜花,其他蔬果,1.1,0.38,plant,0,,7,2,"10,11,12,1,2,3,4",充分熟制至软后切碎或压碎，去除过硬茎部。,https://nlc.chinanutri.cn/fq/foodinfo/464.html；WS/T 678—2020《婴幼儿辅食添加营养指南》；中国食物成分表在线数据库（nlc.chinanutri.cn）,,,1
29,菠菜（鲜）,维生素A丰富蔬果,2.9,0.85,plant,0,,7,2,1-12,洗净焯熟后切碎或打泥，不使用未熟菠菜。,https://nlc.chinanutri.cn/fq/foodinfo/473.html；WS/T 678—2020《婴幼儿辅食添加营养指南》；中国食物成分表在线数据库（nlc.chinanutri.cn）,,,1
30,番茄（西红柿）,其他蔬果,0.4,0.13,plant,0,,6,1,"1,2,3,4,5,6,11,12",熟制后去硬皮，压成细泥；避免大块果皮影响吞咽。,https://nlc.chinanutri.cn/fq/foodinfo/405.html；WS/T 678—2020《婴幼儿辅食添加营养指南》；中国食物成分表在线数据库（nlc.chinanutri.cn）,,,1
31,小白菜,维生素A丰富蔬果,1.9,0.51,plant,0,,7,2,1-12,洗净熟制后切成细碎末；较粗菜梗按月龄去除或切细。,https://nlc.chinanutri.cn/fq/foodinfo/452.html；WS/T 678—2020《婴幼儿辅食添加营养指南》；中国食物成分表在线数据库（nlc.chinanutri.cn）,,,1
32,苹果（国光）,其他蔬果,0.3,0.14,plant,0,,6,1,"9,10,11",去皮去核后蒸软并压成泥，不提供坚硬生苹果块。,https://nlc.chinanutri.cn/fq/foodinfo/614.html；WS/T 678—2020《婴幼儿辅食添加营养指南》；中国食物成分表在线数据库（nlc.chinanutri.cn）,,,1
33,梨（均值）,其他蔬果,0.5,0.46,plant,0,,6,1,"7,8,9,10",去皮去核后蒸软或熟制并压成细泥。,https://nlc.chinanutri.cn/fq/foodinfo/630.html；WS/T 678—2020《婴幼儿辅食添加营养指南》；中国食物成分表在线数据库（nlc.chinanutri.cn）,,,1
34,香蕉,其他蔬果,0.4,0.18,plant,0,,6,1,1-12,选成熟香蕉，去皮后直接压成细腻果泥。,https://nlc.chinanutri.cn/fq/foodinfo/726.html；WS/T 678—2020《婴幼儿辅食添加营养指南》；中国食物成分表在线数据库（nlc.chinanutri.cn）,,,1
35,鳄梨（牛油果）,其他蔬果,1,0.42,plant,0,,6,1,1-12,取成熟果肉去核后压成细泥，不添加盐糖。,https://nlc.chinanutri.cn/fq/foodinfo/652.html；WS/T 678—2020《婴幼儿辅食添加营养指南》；中国食物成分表在线数据库（nlc.chinanutri.cn）,,,1
36,西瓜,其他蔬果,0.3,0.1,plant,0,,7,2,"6,7,8,9",彻底去籽后取软果肉压碎；不以果汁替代完整辅食。,https://nlc.chinanutri.cn/fq/foodinfo/739.html；WS/T 678—2020《婴幼儿辅食添加营养指南》；中国食物成分表在线数据库（nlc.chinanutri.cn）,,,1
37,橙,其他蔬果,0.4,0.14,plant,0,,7,2,"11,12,1,2,3",去籽、去较厚筋膜后取果肉压碎，不以果汁替代果肉。,https://nlc.chinanutri.cn/fq/foodinfo/704.html；WS/T 678—2020《婴幼儿辅食添加营养指南》；中国食物成分表在线数据库（nlc.chinanutri.cn）,,,1
38,芒果,维生素A丰富蔬果,0.2,0.09,plant,0,,6,1,"5,6,7,8",取成熟果肉去皮去核后压泥；按项目规则归入维生素A丰富蔬果。,https://nlc.chinanutri.cn/fq/foodinfo/723.html；WS/T 678—2020《婴幼儿辅食添加营养指南》；中国食物成分表在线数据库（nlc.chinanutri.cn）,,,1
39,山药（鲜）,谷物根茎薯类,0.3,0.27,plant,0,,6,1,"10,11,12,1,2,3",去皮后彻底蒸熟或煮熟，压成细腻泥糊。,https://nlc.chinanutri.cn/fq/foodinfo/525.html；WS/T 678—2020《婴幼儿辅食添加营养指南》；中国食物成分表在线数据库（nlc.chinanutri.cn）,,,1
40,酸奶（均值）,奶类,0.4,0.53,animal,1,乳,12,1,1-12,选原味无糖、配料简单的巴氏杀菌酸奶；按项目规则作为乳类过敏原管理。,https://nlc.chinanutri.cn/fq/foodinfo/958.html；WS/T 678—2020《婴幼儿辅食添加营养指南》；中国食物成分表在线数据库（nlc.chinanutri.cn）,,,1
41,强化婴儿米粉,谷物根茎薯类,5,4,plant,0,,6,1,1-12,选配料为大米粉及营养强化剂、不含乳/大豆/麸质谷物的1段铁强化米粉；按产品说明用温水冲调成稀糊，逐步加稠。,《中国食物成分表 标准版（第6版）》食物编码134012［米粉（亨氏婴儿营养米粉辅食添加初期至36个月适用）］，第6版所列各品牌强化米粉铁5.0—7.0、锌4.00—6.00，取下限；铁锌按所列原料每100g可食部计；WS/T 678—2020《婴幼儿辅食添加营养指南》,,,1
43,荞麦粥,谷物根茎薯类,6.2,3.62,plant,0,,7,2,1-12,提前浸泡后充分煮烂，打碎成粥糊，不可整粒喂食；荞麦不属项目主要致敏物类别，首次引入仍单独少量并观察。,《中国食物成分表 标准版（第6版）》食物编码019005［荞麦］；铁锌按所列原料每100g可食部计；WS/T 678—2020《婴幼儿辅食添加营养指南》,,,1
44,小麦粥,谷物根茎薯类,5.1,2.33,plant,1,含麸质谷物,7,2,1-12,麦仁或碎麦充分浸泡、煮烂后打成细糊；作为含麸质谷物按项目过敏原类别管理。,《中国食物成分表 标准版（第6版）》食物编码011101［小麦］；铁锌按所列原料每100g可食部计；WS/T 678—2020《婴幼儿辅食添加营养指南》,,,1
45,大麦粥,谷物根茎薯类,6.4,4.36,plant,1,含麸质谷物,7,2,1-12,大麦提前浸泡后充分煮烂并打碎；作为含麸质谷物按项目过敏原类别管理。,《中国食物成分表 标准版（第6版）》食物编码014101［大麦［元麦］］；铁锌按所列原料每100g可食部计；WS/T 678—2020《婴幼儿辅食添加营养指南》,,,1
46,薏米粥,谷物根茎薯类,3.6,1.68,plant,0,,7,2,1-12,提前浸泡，煮至开花软烂后打碎，不可整粒喂食。,《中国食物成分表 标准版（第6版）》食物编码019008［薏米［薏仁米，苡米］］；铁锌按所列原料每100g可食部计；WS/T 678—2020《婴幼儿辅食添加营养指南》,,,1
47,紫米粥,谷物根茎薯类,3.9,2.16,plant,0,,7,2,1-12,选用紫糯米（血糯米），浸泡后单独煮至软烂并打碎；糯性较强，避免黏结成团。,《中国食物成分表 标准版（第6版）》食物编码012304［紫红糯米［血糯米］］；铁锌按所列原料每100g可食部计；WS/T 678—2020《婴幼儿辅食添加营养指南》,,,1
48,红米饭,谷物根茎薯类,5.5,3.29,plant,0,,10,2,1-12,选用红籼米，提前浸泡后煮成比成人饭更软烂的软饭，再压碎成细小颗粒。,《中国食物成分表 标准版（第6版）》食物编码012211［籼稻（红）］；铁锌按所列原料每100g可食部计；WS/T 678—2020《婴幼儿辅食添加营养指南》,,,1
49,水煮芋头,谷物根茎薯类,0.3,0.19,plant,0,,6,1,"8,9,10,11,12",去皮（生芋头黏液刺激皮肤，可戴手套）后彻底煮熟，压成细腻泥糊。,《中国食物成分表 标准版（第6版）》食物编码047203［芋头［芋艿、毛芋］］；铁锌按所列原料每100g可食部计；WS/T 678—2020《婴幼儿辅食添加营养指南》,,,1
50,蒸莲藕,其他蔬果,0.3,0.24,plant,0,,7,2,"1,2,3,4,8,9,10,11,12",去皮后蒸至软糯，切成细碎末或打泥，不提供较硬藕片。,《中国食物成分表 标准版（第6版）》食物编码046010［藕［莲藕］］；铁锌按所列原料每100g可食部计；WS/T 678—2020《婴幼儿辅食添加营养指南》,,,1
51,水煮荸荠,其他蔬果,0.6,0.34,plant,0,,7,2,"1,2,3,12",去皮后彻底煮熟（不生食），煮后仍偏脆，须切成细末或打碎，不可整块或切片喂食。,《中国食物成分表 标准版（第6版）》食物编码046008［荸荠（鲜）［马蹄，地栗］］；铁锌按所列原料每100g可食部计；WS/T 678—2020《婴幼儿辅食添加营养指南》,,,1
52,全麦面条,谷物根茎薯类,5.1,2.33,plant,1,含麸质谷物,7,2,1-12,选配料仅为全麦粉（小麦全粉）、不含蛋、无盐或低钠的面条，煮至十分软烂后剪成细碎末；按含麸质谷物管理。,《中国食物成分表 标准版（第6版）》食物编码011101［小麦］，全麦面条按其唯一原料全麦粉（整粒小麦磨粉）计；铁锌按所列原料每100g可食部计；WS/T 678—2020《婴幼儿辅食添加营养指南》,,,1
53,玉米面糊,谷物根茎薯类,0.4,0.08,plant,0,,6,1,1-12,细玉米面先用冷水调开，再加水小火煮成细腻糊状，边煮边搅避免结块。,《中国食物成分表 标准版（第6版）》食物编码013109［玉米面（黄）］；铁锌按所列原料每100g可食部计；WS/T 678—2020《婴幼儿辅食添加营养指南》,,,1
54,水煮绿豆面条,豆类坚果,8.1,2.68,plant,0,,7,2,1-12,选配料仅为绿豆粉的纯绿豆面条（不含小麦粉），煮至十分软烂后剪成细碎末。,《中国食物成分表 标准版（第6版）》食物编码032102［绿豆面］，纯绿豆面条按其唯一原料绿豆面计；铁锌按所列原料每100g可食部计；WS/T 678—2020《婴幼儿辅食添加营养指南》,,,1
55,鸡肝,肉类,12,2.4,animal,0,,6,1,1-12,去筋膜后彻底煮熟压成细泥；作为动物肝脏应控制单次量和频次，具体由营养师复核。,《中国食物成分表标准版（第6版）》食物编码091201［鸡肝：铁12.0、锌2.4］；WS/T 678—2020《婴幼儿辅食添加营养指南》,,1,1
56,鹅蛋,蛋类,4.1,1.43,animal,1,蛋类,7,2,1-12,彻底煮熟后压碎或切成细末，从少量开始并观察反应。,《中国食物成分表标准版（第6版）》食物编码11-3-101［鹅蛋：铁4.1、锌1.43］；WS/T 678—2020《婴幼儿辅食添加营养指南》,,0.87,1
57,鸡蛋黄,蛋类,6.5,3.79,animal,1,蛋类,6,1,1-12,全蛋彻底煮熟后取蛋黄压成细腻泥糊；从少量开始单独引入并观察。,《中国食物成分表标准版（第6版）》食物编码11-1-107［鸡蛋黄：铁6.5、锌3.79］；WS/T 678—2020《婴幼儿辅食添加营养指南》,,1,1
58,牛肝,肉类,6.6,5.01,animal,0,,6,1,1-12,去筋膜后彻底煮熟压成细泥；作为动物肝脏应控制单次量和频次，具体由营养师复核。,《中国食物成分表 标准版（第6版）》食物编码082205［牛肝］；铁锌按所列原料每100g可食部计；WS/T 678—2020《婴幼儿辅食添加营养指南》,,,1
59,鸭血,肉类,30.5,0.5,animal,0,,9,2,1-12,选正规渠道产品，彻底煮熟后切成细碎末；不加盐和重口味调味料。,《中国食物成分表 标准版（第6版）》食物编码092207［鸭血（白鸭）］，月龄依WS/T 678—2020第4.2.1条；铁锌按所列原料每100g可食部计；WS/T 678—2020《婴幼儿辅食添加营养指南》,,,1
60,猪血,肉类,8.7,0.28,animal,0,,9,2,1-12,选正规渠道产品，彻底煮熟后切成细碎末；不加盐和重口味调味料。,《中国食物成分表 标准版（第6版）》食物编码081212［猪血］，月龄依WS/T 678—2020第4.2.1条；铁锌按所列原料每100g可食部计；WS/T 678—2020《婴幼儿辅食添加营养指南》,,,1
61,鸡腿肉,肉类,1.8,1.11,animal,0,,6,1,1-12,去皮去骨后彻底煮熟，初期打成细腻肉泥。,《中国食物成分表 标准版（第6版）》食物编码091113［鸡腿］；铁锌按所列原料每100g可食部计；WS/T 678—2020《婴幼儿辅食添加营养指南》,,,1
62,鸭胸肉,肉类,4.1,1.17,animal,0,,7,2,1-12,去皮去脂后彻底煮熟，剁成细末。,《中国食物成分表 标准版（第6版）》食物编码092104［鸭胸脯肉］；铁锌按所列原料每100g可食部计；WS/T 678—2020《婴幼儿辅食添加营养指南》,,,1
63,鹅肉,肉类,3.8,1.36,animal,0,,7,2,1-12,去皮去脂去骨后彻底炖软，剁成细末。,《中国食物成分表 标准版（第6版）》食物编码093101［鹅］；铁锌按所列原料每100g可食部计；WS/T 678—2020《婴幼儿辅食添加营养指南》,,,1
64,马铃薯,谷物根茎薯类,0.8,0.37,plant,0,,6,1,1-12,去皮彻底蒸熟或煮熟后压成细腻泥糊；发芽或表皮变绿的马铃薯不可食用。,https://nlc.chinanutri.cn/fq/foodinfo/313.html；WS/T 678—2020《婴幼儿辅食添加营养指南》,,0.85,1
65,黑米,谷物根茎薯类,2.3,1.7,plant,0,,7,2,1-12,提前浸泡后充分煮至软烂并打碎成糊，不可整粒喂食。,《中国食物成分表标准版（第6版）》食物编码012304［黑米（紫红糯米/血糯米类）：铁2.3、锌1.7］；WS/T 678—2020《婴幼儿辅食添加营养指南》,,1,1
66,带鱼,肉类,1.2,0.7,animal,1,鱼类,7,2,1-12,蒸熟，仔细剔除鱼刺，压成细末。,https://nlc.chinanutri.cn/fq/foodinfo/1030.html；WS/T 678—2020《婴幼儿辅食添加营养指南》；中国食物成分表在线数据库（nlc.chinanutri.cn）,,0.76,1
67,沙丁鱼,肉类,1.4,0.16,animal,1,鱼类,7,2,1-12,鲜鱼煮熟，反复去净细刺，压成细末。,《中国食物成分表标准版（第6版）》编码121217［沙丁鱼（沙鲭）］；锌0.16待核原书；WS/T 678—2020《婴幼儿辅食添加营养指南》,,0.67,1
68,金枪鱼,肉类,3.6,0.7,animal,1,鱼类,12,4,1-12,【资料保留；禁止进入真实家庭自动推荐】金枪鱼品种未明确，须按品种排除高汞大眼金枪鱼并核查产品形态后再启用。 录入表留空月龄和质地；程序应按ID显式排除。,《中国食物成分表标准版（第6版）》编码121262［金枪鱼肉，品种未明］；FDA/EPA https://www.fda.gov/food/consumers/advice-about-eating-fish；WS/T 678—2020《婴幼儿辅食添加营养指南》,,1,0
69,扇贝（鲜，可食部分）,肉类,7.2,11.69,animal,0,,12,4,1-12,鲜扇贝去壳后的可食部分，非仅白色贝柱；彻底熟制、检查硬壳碎片后切细。【暂不进入真实家庭自动推荐】项目八类致敏字段无对应类别，待负责人确定扩展规则和食物级拦截。,https://nlc.chinanutri.cn/fq/foodinfo/1114.html；WS/T 678—2020《婴幼儿辅食添加营养指南》；中国食物成分表在线数据库（nlc.chinanutri.cn）,,0.35,0
71,鹌鹑蛋,蛋类,3.2,1.61,animal,1,蛋类,7,2,1-12,彻底煮熟，去壳后压碎成细末。,https://nlc.chinanutri.cn/fq/foodinfo/1001.html；WS/T 678—2020《婴幼儿辅食添加营养指南》；中国食物成分表在线数据库（nlc.chinanutri.cn）,,0.86,1
72,嫩豆腐,豆类坚果,1.5,0.59,plant,1,大豆,6,1,1-12,选南豆腐，煮熟后压成细腻泥糊。,https://nlc.chinanutri.cn/fq/foodinfo/335.html（南豆腐条目作嫩豆腐参考）；WS/T 678—2020《婴幼儿辅食添加营养指南》；中国食物成分表在线数据库（nlc.chinanutri.cn）,,1,1
73,豆浆（无糖）,豆类坚果,0.5,0.24,plant,1,大豆,12,4,1-12,充分煮熟且无糖；12月龄后作为饮食一部分，不替代母乳或配方奶。液体需单独处理，不参加固体质地筛选。 【饮品暂不进入固体食物自动推荐】,https://nlc.chinanutri.cn/fq/foodinfo/338.html（豆浆条目；采购选无糖）；WS/T 678—2020《婴幼儿辅食添加营养指南》；中国食物成分表在线数据库（nlc.chinanutri.cn）,,1,0
74,鲑鱼（三文鱼）,肉类,0.3,1.11,animal,1,鱼类,7,2,1-12,彻底熟制（不提供生食）并仔细去净鱼刺后压碎成细末。,https://nlc.chinanutri.cn/fq/foodinfo/1052.html；WS/T 678—2020《婴幼儿辅食添加营养指南》,,1,1
75,鳕鱼,肉类,0.5,0.86,animal,1,鱼类,7,2,1-12,彻底熟制并仔细去净鱼刺后压碎成细末；选购正规渠道产品以区分真鳕与油鱼。,《中国食物成分表标准版（第6版）》食物编码12-2-107［鳕鱼（鳕狭、明太鱼）：铁0.5、锌0.86］；WS/T 678—2020《婴幼儿辅食添加营养指南》,,1,1
76,黑豆,豆类坚果,7,4.18,plant,1,大豆,7,2,1-12,浸泡后彻底煮烂，压成细泥，勿整粒喂食。,https://nlc.chinanutri.cn/fq/foodinfo/327.html；WS/T 678—2020《婴幼儿辅食添加营养指南》；中国食物成分表在线数据库（nlc.chinanutri.cn）,,1,1
77,鹰嘴豆,豆类坚果,3.4,1.5,plant,0,,7,2,1-12,浸泡煮至软烂，去皮压泥，勿整粒喂食。,https://nlc.chinanutri.cn/fq/foodinfo/369.html；WS/T 678—2020《婴幼儿辅食添加营养指南》；中国食物成分表在线数据库（nlc.chinanutri.cn）,,1,1
78,豌豆仁,豆类坚果,1.7,1.29,plant,0,,7,2,"3,4,5",取新鲜豌豆仁，煮软后去皮压泥，勿整粒喂食。 本条以预剥净豌豆仁为采购口径。,《中国食物成分表标准版（第6版）》编码042111［鲜豌豆，可食部］；本行按净豌豆仁采购；WS/T 678—2020《婴幼儿辅食添加营养指南》,,1,1
79,核桃仁（磨粉）,豆类坚果,2.7,2.17,plant,1,坚果,6,1,1-12,核桃仁研成极细粉，少量拌入湿润泥糊，勿整粒或干粉喂食。 本条以去壳核桃仁为采购口径。,https://nlc.chinanutri.cn/fq/foodinfo/743.html；WS/T 678—2020《婴幼儿辅食添加营养指南》；中国食物成分表在线数据库（nlc.chinanutri.cn）,,1,1
80,腰果仁（磨粉）,豆类坚果,4.8,4.3,plant,1,坚果,6,1,1-12,选无盐腰果仁研成极细粉，少量拌入湿润泥糊。,https://nlc.chinanutri.cn/fq/foodinfo/756.html；WS/T 678—2020《婴幼儿辅食添加营养指南》；中国食物成分表在线数据库（nlc.chinanutri.cn）,,1,1
81,芝麻（白，研磨）,豆类坚果,14.1,4.21,plant,0,,12,4,1-12,芝麻研细、加热熟制后拌入湿润泥糊，不喂干粉。【暂不进入真实家庭自动推荐】项目八类致敏字段无对应类别，待负责人确定扩展规则和食物级拦截。,《中国食物成分表标准版（第6版）》编码072016［白芝麻：铁14.1、锌4.21］；编码072017［黑芝麻：铁22.7、锌6.13］；本行数值用白芝麻；WS/T 678—2020《婴幼儿辅食添加营养指南》,,1,0
84,苋菜,维生素A丰富蔬果,2.9,0.7,plant,0,,6,1,"6,7,8,9",只取嫩叶，洗净焯熟后剁细压泥。,https://nlc.chinanutri.cn/fq/foodinfo/487.html；WS/T 678—2020《婴幼儿辅食添加营养指南》；中国食物成分表在线数据库（nlc.chinanutri.cn）,,0.73,1
85,紫菜（干）,豆类坚果,54.9,2.47,plant,0,,9,2,1-12,取少量干紫菜充分复水、彻底煮熟后切碎；紫菜含碘量高，单次少量，具体频次由营养师复核。,https://nlc.chinanutri.cn/fq/foodinfo/611.html；WS/T 678—2020《婴幼儿辅食添加营养指南》,,1,1
87,木瓜,维生素A丰富蔬果,0.2,0.25,plant,0,,6,1,1-12,选熟番木瓜，去皮去籽后压成细泥。,https://nlc.chinanutri.cn/fq/foodinfo/724.html；WS/T 678—2020《婴幼儿辅食添加营养指南》；中国食物成分表在线数据库（nlc.chinanutri.cn）,,0.86,1
88,哈密瓜,维生素A丰富蔬果,,0.13,plant,0,,6,1,"7,8,9",去皮去籽，取熟软果肉压成细泥。,《中国食物成分表标准版（第6版）》编码066103［哈密瓜，铁Tr，数值留空］；https://nlc.chinanutri.cn/fq/foodinfo/737.html；WS/T 678—2020《婴幼儿辅食添加营养指南》,,0.71,1
89,红甜椒,维生素A丰富蔬果,0.43,0.25,plant,0,,7,2,"6,7,8,9",去蒂去籽，蒸熟去皮后切成细末。,USDA SR28 NDB 11821［红甜椒，生品，食部82%］https://www.ars.usda.gov/ARSUserFiles/80400535/Data/SR/SR28/reports/sr28fg11.pdf；WS/T 678—2020《婴幼儿辅食添加营养指南》,,0.82,1
90,紫甘蓝,其他蔬果,0.4,0.16,plant,0,,7,2,1-12,洗净煮至软烂，切成细末。,https://nlc.chinanutri.cn/fq/foodinfo/469.html；WS/T 678—2020《婴幼儿辅食添加营养指南》；中国食物成分表在线数据库（nlc.chinanutri.cn）,,0.86,1
91,西葫芦,其他蔬果,0.3,0.12,plant,0,,6,1,"5,6,7,8,9",去皮去籽后蒸熟，压成细泥。,https://nlc.chinanutri.cn/fq/foodinfo/431.html；WS/T 678—2020《婴幼儿辅食添加营养指南》；中国食物成分表在线数据库（nlc.chinanutri.cn）,,0.73,1
92,黄瓜,其他蔬果,0.5,0.18,plant,0,,6,1,"6,7,8,9",去皮去籽后蒸熟，压成细泥。,https://nlc.chinanutri.cn/fq/foodinfo/422.html；WS/T 678—2020《婴幼儿辅食添加营养指南》；中国食物成分表在线数据库（nlc.chinanutri.cn）,,0.92,1
93,冬瓜,其他蔬果,0.2,0.07,plant,0,,6,1,"6,7,8,9",去皮去瓤后蒸熟，压成细泥。,https://nlc.chinanutri.cn/fq/foodinfo/419.html；WS/T 678—2020《婴幼儿辅食添加营养指南》；中国食物成分表在线数据库（nlc.chinanutri.cn）,,0.8,1
94,丝瓜,其他蔬果,0.4,0.21,plant,0,,6,1,"6,7,8,9",去皮去籽后蒸熟，压成细泥。,https://nlc.chinanutri.cn/fq/foodinfo/429.html；WS/T 678—2020《婴幼儿辅食添加营养指南》；中国食物成分表在线数据库（nlc.chinanutri.cn）,,0.83,1
95,茄子,其他蔬果,0.5,0.23,plant,0,,6,1,"6,7,8,9",蒸熟后去皮，压成细泥。,https://nlc.chinanutri.cn/fq/foodinfo/402.html；WS/T 678—2020《婴幼儿辅食添加营养指南》；中国食物成分表在线数据库（nlc.chinanutri.cn）,,0.93,1
96,鸡心,肉类,4.7,1.94,animal,0,,7,2,1-12,去筋膜后彻底煮熟剁成细末；作为动物内脏控制单次量和频次。,《中国食物成分表标准版（第6版）》食物编码091203［鸡心：铁4.7、锌1.94］；WS/T 678—2020《婴幼儿辅食添加营养指南》,,1,1
97,桃子,其他蔬果,0.8,0.34,plant,0,,6,1,"6,7,8,9",取熟桃去皮去核，果肉压泥。,https://nlc.chinanutri.cn/fq/foodinfo/660.html；WS/T 678—2020《婴幼儿辅食添加营养指南》；中国食物成分表在线数据库（nlc.chinanutri.cn）,,0.86,1
98,蓝莓,其他蔬果,0.28,0.16,plant,0,,6,1,"4,5,6",洗净去梗后逐粒压成细泥，勿整粒喂食。,USDA SR28 NDB 09050［蓝莓，生品，食部95%］https://www.ars.usda.gov/ARSUserFiles/80400535/Data/SR/SR28/reports/sr28fg09.pdf；WS/T 678—2020《婴幼儿辅食添加营养指南》,,0.95,1
99,凝乳奶酪（原味，普通）,奶类,0.07,0.4,animal,1,乳,6,1,1-12,选巴氏杀菌、原味、无添加糖的普通凝乳奶酪，压成适龄细腻泥糊；按产品标签查看钠含量，少量添加。,USDA SR28 NDB 01012［普通原味凝乳奶酪］https://www.ars.usda.gov/ARSUserFiles/80400535/Data/SR/SR28/reports/sr28fg01.pdf；WS/T 678—2020《婴幼儿辅食添加营养指南》,,1,1
100,无糖原味全脂希腊酸奶,奶类,0,0.52,animal,1,乳,6,1,1-12,选原味、全脂、无添加糖且巴氏杀菌的希腊酸奶；按实物标签核查配料，用小勺喂稠酸奶。,USDA SR28 NDB 01293［无糖原味全脂希腊酸奶］https://www.ars.usda.gov/ARSUserFiles/80400535/Data/SR/SR28/reports/sr28fg01.pdf；WS/T 678—2020《婴幼儿辅食添加营养指南》,,1,1
102,全脂牛奶,奶类,0.3,0.42,animal,1,乳,12,1,1-12,选巴氏杀菌全脂纯牛奶；12月龄后作为饮食一部分，不替代母乳或配方奶。,《中国食物成分表标准版（第6版）》食物编码10-1-101［牛乳（全脂）］；WS/T 678—2020《婴幼儿辅食添加营养指南》,,1,1
103,婴儿配方奶（1段）,奶类,5.0,4.0,animal,1,乳,6,1,1-12,按产品说明冲调；母乳充足时不作为辅食替代品，仅作配方奶类覆盖参考。,《中国食物成分表标准版（第6版）》婴儿配方奶粉（1段）强化铁锌取下限（铁5.0、锌4.0）；WS/T 678—2020《婴幼儿辅食添加营养指南》,,1,1
104,樱桃,其他蔬果,0.4,0.23,plant,0,,6,1,"5,6,7",彻底去核后取果肉压成细泥，绝不整粒喂食。,https://nlc.chinanutri.cn/fq/foodinfo/672.html；WS/T 678—2020《婴幼儿辅食添加营养指南》,,0.9,1
105,葡萄,其他蔬果,0.4,0.18,plant,0,,7,2,"7,8,9",去皮去籽后压碎果肉，绝不整粒喂食，不以果汁替代果肉。,https://nlc.chinanutri.cn/fq/foodinfo/684.html；WS/T 678—2020《婴幼儿辅食添加营养指南》,,0.88,1
106,牛心,肉类,4.8,2.09,animal,0,,7,2,1-12,去筋膜后彻底煮熟剁成细末；作为动物内脏控制单次量和频次。,《中国食物成分表标准版（第6版）》食物编码08-2-205［牛心：铁4.8、锌2.09］；WS/T 678—2020《婴幼儿辅食添加营养指南》,,1,1
